City_ID,City,Lat,Lng,Max Temp,Humidity,Cloudiness,Wind Speed,Country,Date
0,albany,42.6001,-73.9662,5.03,54,95,2.22,US,1675637682
1,udachnyy,66.4167,112.4,-34.2,73,98,0.69,RU,1675637889
2,kendari,-3.945,122.4989,25.58,88,100,1.23,ID,1675637889
3,ambon,-3.6954,128.1814,26.08,89,40,1.54,ID,1675637890
4,rikitea,-23.1203,-134.9692,26.17,74,3,6.78,PF,1675637890
5,hasaki,35.7333,140.8333,1.22,77,1,3.64,JP,1675637682
6,ushuaia,-54.8,-68.3,7.79,65,75,14.4,AR,1675637681
7,busselton,-33.65,115.3333,20.07,75,26,4.64,AU,1675637891
8,tuktoyaktuk,69.4541,-133.0374,-43.0,66,20,0.0,CA,1675637891
9,alice springs,-23.7,133.8833,19.75,52,0,0.51,AU,1675637891
10,mayo,38.8876,-76.5119,13.49,64,0,4.12,US,1675637892
11,mar del plata,-38.0023,-57.5575,30.01,45,0,5.14,AR,1675637885
12,saskylakh,71.9167,114.0833,-41.6,100,94,1.84,RU,1675637892
13,puerto ayora,-0.7393,-90.3518,29.98,91,35,3.13,EC,1675637892
14,gimli,50.6336,-96.9907,-9.99,73,66,3.6,CA,1675637776
15,mataura,-46.1927,168.8643,16.01,75,90,5.66,NZ,1675637893
16,gambela,8.25,34.5833,27.09,32,21,0.64,ET,1675637893
17,port hardy,50.6996,-127.4199,8.1,76,75,2.06,CA,1675637893
18,georgetown,5.4112,100.3354,25.96,100,20,0.51,MY,1675637823
19,hermanus,-34.4187,19.2345,21.56,87,89,5.01,ZA,1675637894
20,ribeira grande,38.5167,-28.7,16.54,90,100,5.81,PT,1675637894
21,broome,42.2506,-75.833,6.0,55,75,4.12,US,1675637894
22,port alfred,-33.5906,26.891,22.32,95,51,4.52,ZA,1675637895
23,galle,6.0367,80.217,24.91,88,93,0.86,LK,1675637895
24,meulaboh,4.1363,96.1285,23.79,88,100,2.59,ID,1675637895
25,krasnovishersk,60.4078,57.082,-20.13,99,88,1.57,RU,1675637896
26,sao joao da barra,-21.6403,-41.0511,25.05,94,32,1.17,BR,1675637896
27,ust-nera,64.5667,143.2,-37.51,100,100,0.45,RU,1675637759
28,san vicente,-26.6167,-54.1333,21.31,46,53,0.48,AR,1675637896
29,atuona,-9.8,-139.0333,25.86,78,44,8.52,PF,1675637897
30,manjo,4.8428,9.8217,22.45,90,65,0.55,CM,1675637897
31,east london,-33.0153,27.9116,23.72,84,39,5.4,ZA,1675637897
32,kralendijk,12.15,-68.2667,26.99,74,20,9.26,BQ,1675637898
33,windhoek,-22.5594,17.0832,16.35,93,100,0.45,NA,1675637841
34,hamilton,39.1834,-84.5333,10.69,60,40,8.75,US,1675637805
35,nizwa,22.9333,57.5333,20.04,60,71,0.75,OM,1675637895
36,cape town,-33.9258,18.4232,22.99,74,0,6.69,ZA,1675637898
37,torbay,47.6666,-52.7314,-3.57,75,75,8.23,CA,1675637899
38,coahuayana,18.7333,-103.6833,29.17,48,0,2.51,MX,1675637899
39,nushki,29.5542,66.0215,10.74,56,0,0.33,PK,1675637899
40,hirara,24.8,125.2833,21.92,83,40,6.69,JP,1675637899
41,tasiilaq,65.6145,-37.6368,-4.91,96,100,2.03,GL,1675637637
42,buala,-8.145,159.5921,25.16,92,100,4.15,SB,1675637900
43,cumberland,35.0502,-78.8664,8.65,96,100,2.57,US,1675637758
44,mangan,27.5167,88.5333,14.12,56,93,1.5,IN,1675637900
45,hithadhoo,-0.6,73.0833,27.01,70,86,4.3,MV,1675637901
46,sisimiut,66.9395,-53.6735,-19.21,95,100,3.31,GL,1675637828
47,punta arenas,-53.15,-70.9167,13.06,47,40,9.77,CL,1675637901
48,tadian,16.9956,120.8203,14.51,85,58,1.67,PH,1675637901
49,irbeyskoye,55.6428,95.4522,-24.72,100,100,1.06,RU,1675637902
50,bubaque,11.2833,-15.8333,24.64,61,60,6.61,GW,1675637902
51,qaanaaq,77.484,-69.3632,-18.35,55,5,2.97,GL,1675637902
52,cortez,37.3489,-108.5859,9.42,32,0,2.57,US,1675637903
53,gasa,31.5,34.4667,13.27,52,89,7.93,PS,1675637903
54,vrangel,42.7297,133.0839,-6.05,67,7,3.4,RU,1675637903
55,jamestown,42.097,-79.2353,6.8,56,100,6.69,US,1675637790
56,lorengau,-2.0226,147.2712,27.85,80,100,2.11,PG,1675637904
57,mettur,11.8,77.8,20.35,62,98,0.96,IN,1675637904
58,carnarvon,-24.8667,113.6333,24.84,73,2,6.8,AU,1675637613
59,mosquera,4.7059,-74.2302,17.05,55,75,6.17,CO,1675637904
60,saint-philippe,-21.3585,55.7679,25.77,86,100,4.84,RE,1675637905
61,cherskiy,68.75,161.3,-41.29,100,100,2.06,RU,1675637905
62,dikson,73.5069,80.5464,-19.1,97,100,0.74,RU,1675637905
63,provideniya,64.3833,-173.3,-13.94,66,75,6.0,RU,1675637906
64,teknaf,20.8624,92.3058,17.06,55,45,3.46,BD,1675637906
65,orhei,47.3831,28.8231,-1.79,84,97,6.04,MD,1675637906
66,urumqi,43.801,87.6005,-9.47,93,100,2.0,CN,1675637761
67,half moon bay,37.4636,-122.4286,13.56,78,40,10.29,US,1675637907
68,bonavista,48.6499,-53.1147,-5.26,63,67,9.59,CA,1675637907
69,gamba,-2.65,10.0,25.49,82,62,1.07,GA,1675637662
70,unity,52.4501,-109.1682,-3.75,87,90,3.35,CA,1675637908
71,wanaka,-44.7,169.15,21.17,54,78,4.02,NZ,1675637908
72,castro,-24.7911,-50.0119,18.62,78,56,2.45,BR,1675637643
73,ourossogui,15.6064,-13.3211,24.48,13,80,3.92,SN,1675637908
74,yulara,-25.2406,130.9889,24.0,17,0,4.81,AU,1675637741
75,havelock,34.8791,-76.9013,17.99,76,75,2.57,US,1675637702
76,norman wells,65.282,-126.8329,-26.98,76,100,1.03,CA,1675637909
77,chokurdakh,70.6333,147.9167,-41.14,100,66,0.51,RU,1675637909
78,bozeman,45.6796,-111.0386,7.68,58,100,0.89,US,1675637909
79,port-gentil,-0.7193,8.7815,24.98,94,20,0.0,GA,1675637794
80,rongcheng,30.634,117.8517,9.32,95,100,0.55,CN,1675637910
81,longyearbyen,78.2186,15.6401,-2.09,74,75,8.75,SJ,1675637910
82,ulaanbaatar,47.9077,106.8832,-25.93,70,44,0.0,MN,1675637910
83,mehamn,71.0357,27.8492,-4.05,77,100,13.43,NO,1675637911
84,acari,-15.4311,-74.6158,24.62,80,94,2.31,PE,1675637911
85,sibolga,1.7427,98.7792,22.66,92,100,0.54,ID,1675637673
86,avarua,-21.2078,-159.775,28.03,83,75,5.66,CK,1675637912
87,cidreira,-30.1811,-50.2056,23.78,76,64,4.39,BR,1675637912
88,ballina,-28.8667,153.5667,26.12,76,53,2.69,AU,1675637912
89,upernavik,72.7868,-56.1549,-25.05,95,100,2.75,GL,1675637912
90,molokovo,58.1661,36.7628,-18.61,100,100,1.21,RU,1675637913
91,harrismith,-28.2728,29.1295,12.49,93,18,1.8,ZA,1675637913
92,maroantsetra,-15.4333,49.7333,24.41,88,99,0.54,MG,1675637913
93,isangel,-19.55,169.2667,30.2,65,99,2.47,VU,1675637805
94,sorland,67.667,12.6934,4.92,71,100,11.39,NO,1675637914
95,arraial do cabo,-22.9661,-42.0278,27.92,78,75,2.57,BR,1675637914
96,kapaa,22.0752,-159.319,26.99,81,75,5.66,US,1675637914
97,bykivka,50.2929,27.9831,-5.62,94,99,4.82,UA,1675637915
98,daru,-9.0763,143.2092,24.78,94,100,2.21,PG,1675637915
99,bredasdorp,-34.5322,20.0403,20.9,85,100,4.07,ZA,1675637915
100,butaritari,3.0707,172.7902,26.7,84,100,8.03,KI,1675637916
101,saint george,37.1041,-113.5841,16.33,47,0,6.69,US,1675637916
102,hobart,-42.8794,147.3294,19.92,59,40,6.69,AU,1675637824
103,new norfolk,-42.7826,147.0587,19.72,61,99,2.24,AU,1675637917
104,harper,4.375,-7.7169,26.66,84,63,4.02,LR,1675637917
105,angoche,-16.2325,39.9086,24.97,88,83,2.92,MZ,1675637687
106,saldanha,-33.0117,17.9442,18.03,93,17,7.05,ZA,1675637917
107,redlands,34.0556,-117.1825,18.22,55,40,0.0,US,1675637865
108,shingu,33.7333,135.9833,5.61,58,67,2.11,JP,1675637918
109,zhob,31.3411,69.4481,8.67,60,5,1.29,PK,1675637918
110,fairbanks,64.8378,-147.7164,-11.06,80,0,3.09,US,1675637858
111,nikolskoye,59.7035,30.7861,-4.06,93,100,3.56,RU,1675637626
112,nalut,30.3333,10.85,8.48,64,74,4.07,LY,1675637918
113,severo-kurilsk,50.6789,156.125,-3.22,78,98,3.33,RU,1675637919
114,kargasok,59.0556,80.8572,-19.99,100,99,1.33,RU,1675637919
115,fomboni,-12.28,43.7425,28.02,74,100,1.96,KM,1675637919
116,anadyr,64.75,177.4833,-30.56,74,75,6.0,RU,1675637838
117,atasu,48.6814,71.6433,-6.03,97,100,2.43,KZ,1675637920
118,colquechaca,-18.6667,-66.0167,0.17,82,87,2.64,BO,1675637920
119,athabasca,54.7169,-113.2854,2.23,89,99,1.79,CA,1675637759
120,plettenberg bay,-34.0527,23.3716,21.65,91,100,1.32,ZA,1675637921
121,vung tau,10.346,107.0843,24.23,83,13,7.04,VN,1675637921
122,colares,38.7992,-9.4469,13.83,51,3,4.02,PT,1675637921
123,mahebourg,-20.4081,57.7,26.16,83,40,2.57,MU,1675637921
124,aksarka,66.5606,67.7975,-26.47,100,65,0.49,RU,1675637922
125,kars,40.602,43.095,-7.12,96,100,0.63,TR,1675637922
126,hay river,60.8156,-115.7999,-16.01,78,100,5.14,CA,1675637922
127,salalah,17.0151,54.0924,21.06,65,99,0.95,OM,1675637817
128,susanville,40.4163,-120.653,5.91,69,40,3.58,US,1675637844
129,barrow,71.2906,-156.7887,-26.99,76,75,1.54,US,1675637923
130,avera,33.194,-82.5271,15.73,77,46,1.95,US,1675637923
131,severiano melo,-5.7772,-37.9578,25.82,78,78,4.01,BR,1675637923
132,thompson,55.7435,-97.8558,-13.91,78,100,1.54,CA,1675637924
133,safford,32.834,-109.7076,23.51,14,0,0.0,US,1675637730
134,mangai,-4.05,19.5333,20.29,98,88,0.98,CD,1675637924
135,prince rupert,54.3161,-130.3201,5.05,81,40,10.29,CA,1675637925
136,bafq,31.6128,55.4107,9.0,29,24,1.22,IR,1675637925
137,lebu,-37.6167,-73.65,16.96,87,1,8.66,CL,1675637925
138,haines junction,60.7522,-137.5108,-10.03,85,100,0.51,CA,1675637926
139,kieta,-6.2167,155.6333,27.05,79,100,1.05,PG,1675637926
140,santa fe,-31.6333,-60.7,31.08,40,0,3.13,AR,1675637926
141,achi,8.5682,-74.554,29.3,58,15,1.22,CO,1675637927
142,bambous virieux,-20.3428,57.7575,26.14,83,40,2.57,MU,1675637927
143,bridlington,54.0831,-0.1919,2.51,68,98,4.3,GB,1675637927
144,bluff,-46.6,168.3333,14.73,85,55,11.08,NZ,1675637927
145,khatanga,71.9667,102.5,-37.12,99,57,2.89,RU,1675637928
146,hilo,19.7297,-155.09,27.38,84,100,3.09,US,1675637928
147,adiake,5.2863,-3.304,26.57,87,48,3.33,CI,1675637928
148,salay,8.8592,124.7892,25.37,79,71,1.42,PH,1675637929
149,tuscaloosa,33.2098,-87.5692,17.88,47,0,3.09,US,1675637929
150,astana,51.1801,71.446,-14.03,85,75,2.0,KZ,1675637929
151,nizhniy kuranakh,58.8353,125.4869,-31.62,99,100,1.02,RU,1675637930
152,kipini,-2.5257,40.5262,25.16,83,30,4.86,KE,1675637930
153,itarema,-2.9248,-39.9167,25.92,81,71,5.08,BR,1675637930
154,sao filipe,14.8961,-24.4956,21.27,63,96,7.7,CV,1675637930
155,bengkulu,-3.8004,102.2655,23.18,87,95,3.45,ID,1675637931
156,san joaquin,37.9333,-121.3011,15.0,63,0,3.09,US,1675637931
157,xichang,27.8964,102.2634,4.9,66,0,0.84,CN,1675637931
158,vaini,-21.2,-175.2,27.09,83,75,1.03,TO,1675637932
159,talnakh,69.4865,88.3972,-16.23,97,98,1.34,RU,1675637674
160,karratha,-20.7377,116.8463,31.44,52,4,0.27,AU,1675637932
161,uyuni,-20.4597,-66.825,12.14,55,90,2.45,BO,1675637932
162,point pleasant,40.0832,-74.0682,7.23,72,100,1.34,US,1675637933
163,boa vista,2.8197,-60.6733,25.99,78,20,4.12,BR,1675637778
164,yellowknife,62.456,-114.3525,-20.25,77,100,5.14,CA,1675637933
165,faanui,-16.4833,-151.75,27.5,74,16,6.83,PF,1675637933
166,stykkisholmur,65.0757,-22.7297,3.15,85,100,19.5,IS,1675637934
167,tiksi,71.6872,128.8694,-32.35,100,100,1.63,RU,1675637934
168,constitucion,-35.3333,-72.4167,17.34,82,17,3.05,CL,1675637934
169,along,28.1667,94.7667,10.19,67,0,0.57,IN,1675637935
170,tessalit,20.1986,1.0114,19.9,11,82,3.79,ML,1675637935
171,pacific grove,36.6177,-121.9166,13.37,76,75,5.66,US,1675637935
172,westport,41.1415,-73.3579,6.42,66,0,0.45,US,1675637813
173,pekalongan,-6.8886,109.6753,25.01,81,99,1.16,ID,1675637936
174,lavrentiya,65.5833,-171.0,-18.97,91,100,4.1,RU,1675637936
175,scottsbluff,41.8666,-103.6672,6.62,56,20,4.63,US,1675637936
176,bourail,-21.5667,165.4833,30.74,66,100,2.4,NC,1675637937
177,kodiak,57.79,-152.4072,3.73,100,100,4.63,US,1675637659
178,touros,-5.1989,-35.4608,26.74,75,79,4.97,BR,1675637937
179,evensk,61.95,159.2333,-26.94,78,27,3.91,RU,1675637696
180,samarai,-10.6167,150.6667,27.25,83,100,5.38,PG,1675637938
181,luderitz,-26.6481,15.1594,16.92,90,59,5.32,NA,1675637938
182,vardo,70.3705,31.1107,-7.01,93,40,12.35,NO,1675637938
183,sitka,57.0531,-135.33,4.94,70,100,9.26,US,1675637938
184,yasnyy,51.0333,59.8742,-23.6,100,95,1.97,RU,1675637939
185,nome,64.5011,-165.4064,-7.96,73,100,3.6,US,1675637939
186,vila do maio,15.1333,-23.2167,21.44,61,84,9.81,CV,1675637939
187,caravelas,-17.7125,-39.2481,25.82,82,0,4.86,BR,1675637940
188,kemijarvi,66.7131,27.4306,-10.07,97,100,0.8,FI,1675637940
189,linguere,15.3953,-15.1193,23.39,14,27,4.17,SN,1675637660
190,emba,48.8264,58.1442,-19.32,98,20,1.57,KZ,1675637941
191,sept-iles,50.2001,-66.3821,-15.0,83,75,2.57,CA,1675637722
192,victoria,22.2855,114.1577,19.97,88,95,1.79,HK,1675637709
193,bethel,41.3712,-73.414,5.21,56,100,0.89,US,1675637803
194,clearwater,27.9659,-82.8001,23.99,78,40,3.6,US,1675637821
195,christchurch,-43.5333,172.6333,27.96,29,11,8.23,NZ,1675637941
196,neuquen,-38.9516,-68.0591,36.94,12,0,4.12,AR,1675637942
197,saint-leu,-21.15,55.2833,25.48,79,100,1.12,RE,1675637942
198,lengshuitan,26.4111,111.5956,9.38,93,99,1.14,CN,1675637942
199,nizhnevartovsk,60.9344,76.5531,-12.99,92,40,0.0,RU,1675637943
200,bilibino,68.0546,166.4372,-36.1,100,100,0.89,RU,1675637943
201,hambantota,6.1241,81.1185,24.52,81,99,5.11,LK,1675637943
202,yurla,59.3259,54.3223,-23.03,100,100,1.63,RU,1675637944
203,moose factory,51.2585,-80.6094,-18.0,71,40,1.54,CA,1675637944
204,clyde river,70.4692,-68.5914,-28.87,63,0,5.66,CA,1675637944
205,srednekolymsk,67.45,153.6833,-35.58,98,100,2.34,RU,1675637677
206,oranjemund,-28.55,16.4333,17.3,95,85,4.68,NA,1675637730
207,ayacucho,-13.1583,-74.2239,16.92,63,75,1.54,PE,1675637945
208,fortuna,40.5982,-124.1573,9.99,93,75,3.09,US,1675637945
209,kayerkan,69.3497,87.7602,-16.82,97,97,1.67,RU,1675637946
210,mount darwin,-16.7725,31.5838,19.33,95,56,1.55,ZW,1675637946
211,borogontsy,62.6683,131.1683,-35.84,100,99,0.82,RU,1675637946
212,port elizabeth,-33.918,25.5701,25.05,93,100,5.66,ZA,1675637947
213,esperance,-33.8667,121.9,21.34,59,71,7.21,AU,1675637947
214,pevek,69.7008,170.3133,-36.36,97,86,1.63,RU,1675637947
215,quatre cocos,-20.2078,57.7625,26.06,83,62,5.59,MU,1675637948
216,tocopilla,-22.092,-70.1979,23.12,78,4,3.62,CL,1675637948
217,greymouth,-42.4667,171.2,17.39,85,43,6.06,NZ,1675637948
218,moron,-34.6534,-58.6198,29.47,49,23,3.27,AR,1675637949
219,phangnga,8.4509,98.5298,24.02,93,42,1.65,TH,1675637949
220,leningradskiy,69.3833,178.4167,-29.88,98,100,1.84,RU,1675637949
221,nago,26.5881,127.9761,18.47,87,100,6.72,JP,1675637950
222,selje,62.0459,5.351,7.14,73,98,6.53,NO,1675637950
223,shiyan,32.6475,110.7781,5.34,65,59,0.66,CN,1675637950
224,lompoc,34.6391,-120.4579,16.5,75,75,9.26,US,1675637727
225,cayenne,4.9333,-52.3333,22.02,100,75,0.0,GF,1675637663
226,gushikawa,26.3544,127.8686,18.0,100,100,4.12,JP,1675637951
227,puerto santander,8.3636,-72.4063,31.67,61,7,0.49,CO,1675637951
228,laguna,38.421,-121.4238,15.08,62,75,5.14,US,1675637833
229,zhanakorgan,43.9098,67.2495,-0.37,78,57,0.34,KZ,1675637952
230,yumen,40.2833,97.2,-3.03,38,73,3.02,CN,1675637952
231,shahr-e babak,30.1165,55.1186,4.96,53,28,2.7,IR,1675637952
232,bathsheba,13.2167,-59.5167,25.34,78,75,10.8,BB,1675637781
233,dauphin,51.1494,-100.0502,-6.92,79,0,1.54,CA,1675637953
234,tuatapere,-46.1333,167.6833,14.39,90,91,5.0,NZ,1675637953
235,mount gambier,-37.8333,140.7667,16.89,63,36,2.27,AU,1675637953
236,poum,-20.2333,164.0167,28.86,80,100,8.99,NC,1675637954
237,cabo san lucas,22.8909,-109.9124,27.56,46,40,4.18,MX,1675637768
238,camacha,33.0833,-16.3333,14.68,67,40,6.69,PT,1675637800
239,sabha,27.0377,14.4283,10.16,54,5,4.06,LY,1675637954
240,khandyga,62.6667,135.6,-38.42,100,98,0.12,RU,1675637793
241,gat,31.61,34.7642,14.11,1,93,6.57,IL,1675637955
242,chanute,37.6792,-95.4572,15.25,43,57,1.75,US,1675637955
243,terme,41.2092,36.9739,6.13,79,100,0.11,TR,1675637955
244,matagami,49.7502,-77.6328,-16.94,71,0,2.06,CA,1675637956
245,catuday,16.2923,119.8062,23.58,80,73,4.04,PH,1675637956
246,key west,24.5557,-81.7826,27.0,79,0,3.6,US,1675637956
247,deputatskiy,69.3,139.9,-35.38,98,100,1.95,RU,1675637957
248,aldan,58.6031,125.3894,-33.26,100,100,0.79,RU,1675637957
249,roald,62.5833,6.1333,6.16,81,75,6.69,NO,1675637957
250,ahuimanu,21.4447,-157.8378,27.84,73,20,8.75,US,1675637958
251,vada,51.97,5.6667,4.05,90,30,3.21,NL,1675637958
252,high rock,26.6208,-78.2833,25.01,77,95,7.45,BS,1675637959
253,celestun,20.8667,-90.4,23.8,72,39,7.12,MX,1675637960
254,filadelfia,39.9523,-75.1638,9.06,47,100,3.74,US,1675637680
255,am timan,11.0297,20.2827,25.46,14,72,3.07,TD,1675637960
256,laredo,27.5064,-99.5075,27.16,34,0,2.57,US,1675637961
257,petropavlovsk-kamchatskiy,53.0452,158.6483,-7.67,93,75,1.0,RU,1675637877
258,adrar,20.5022,-10.0711,15.05,28,56,4.57,MR,1675637744
259,katsuura,35.1333,140.3,8.74,76,3,3.58,JP,1675637918
260,sorrento,40.626,14.3744,6.26,69,0,5.66,IT,1675637961
261,copiapo,-27.3667,-70.3333,21.83,48,88,2.02,CL,1675637775
262,narsaq,60.9167,-46.05,-10.06,73,100,7.55,GL,1675637962
263,port hedland,-20.3167,118.5667,27.03,78,0,2.06,AU,1675637962
264,manggar,-2.8833,108.2667,25.19,89,97,2.69,ID,1675637962
265,camocim,-2.9022,-40.8411,25.78,84,94,4.68,BR,1675637963
266,biograd na moru,43.9433,15.4519,1.39,53,87,4.87,HR,1675637963
267,ayan,56.45,138.1667,-23.64,81,84,3.49,RU,1675637963
268,gobabis,-22.45,18.9667,19.53,82,100,7.48,NA,1675637964
269,guadalupe,25.6833,-100.25,30.77,33,0,3.41,MX,1675637964
270,catalina,32.5056,-110.9211,23.88,17,0,1.79,US,1675637964
271,lasa,46.6166,10.7002,0.49,92,56,2.65,IT,1675637965
272,qax,41.4225,46.9242,-0.45,61,99,2.06,AZ,1675637965
273,dudinka,69.4058,86.1778,-19.55,100,97,1.63,RU,1675637965
274,carballo,43.213,-8.691,8.81,84,2,1.92,ES,1675637965
275,mawlaik,23.6333,94.4167,12.59,49,14,0.41,MM,1675637966
276,thinadhoo,0.5333,72.9333,26.98,69,100,3.11,MV,1675637966
277,san cristobal,7.7669,-72.225,26.1,77,33,1.42,VE,1675637967
278,kavaratti,10.5669,72.642,26.64,76,20,3.5,IN,1675637859
279,chapais,49.7834,-74.8492,-16.12,96,100,1.52,CA,1675637967
280,aleksandrov gay,50.147,48.5704,-12.63,95,65,2.62,RU,1675637968
281,skjervoy,70.0311,20.9714,3.0,72,97,12.18,NO,1675637968
282,wanning,18.8003,110.3967,21.71,89,99,1.14,CN,1675637968
283,hastings,50.8552,0.5729,4.73,55,60,4.66,GB,1675637969
284,kruisfontein,-34.0033,24.7314,23.82,87,76,3.54,ZA,1675637969
285,tigzirt,36.8886,4.1198,11.67,86,99,1.56,DZ,1675637969
286,verkhnevilyuysk,63.4453,120.3167,-47.85,100,67,1.31,RU,1675637970
287,chimbote,-9.0853,-78.5783,23.62,72,14,3.86,PE,1675637970
288,nyurba,63.2842,118.3319,-47.91,100,68,1.76,RU,1675637970
289,nuuk,64.1835,-51.7216,-11.18,85,100,2.68,GL,1675637971
290,newala,-10.9431,39.2787,19.63,96,100,1.26,TZ,1675637971
291,murdochville,48.9583,-65.5006,-13.51,97,100,1.76,CA,1675637971
292,labuhan,-6.8844,112.2051,25.48,84,100,1.5,ID,1675637971
293,sussex,41.1834,-74.6663,6.47,50,0,2.06,US,1675637972
294,zhigalovo,54.8097,105.1578,-19.68,100,99,1.22,RU,1675637972
295,qaqortoq,60.7167,-46.0333,-9.87,59,99,13.34,GL,1675637972
296,kirakira,-10.4544,161.9205,25.97,92,100,9.72,SB,1675637973
297,chuy,-33.6971,-53.4616,19.88,77,0,3.48,UY,1675637973
298,griffith,41.5284,-87.4237,4.96,68,0,5.66,US,1675637973
299,pareora,-44.4871,171.2132,24.32,41,9,3.34,NZ,1675637974
300,tongren,27.7172,109.1853,7.06,87,100,0.2,CN,1675637974
301,batemans bay,-35.7167,150.1833,21.72,58,49,1.53,AU,1675637974
302,lago da pedra,-4.3333,-45.1667,23.42,95,89,1.02,BR,1675637975
303,jashpurnagar,22.9,84.15,12.44,40,0,2.12,IN,1675637975
304,malumfashi,11.7853,7.6218,22.94,19,100,3.89,NG,1675637975
305,gainesville,29.6516,-82.3248,21.55,59,97,2.25,US,1675637976
306,chulman,56.8479,124.9104,-27.61,98,100,1.62,RU,1675637976
307,sohag,26.557,31.6948,11.16,44,29,2.74,EG,1675637976
308,afzalpur,17.2,76.35,22.39,27,0,3.92,IN,1675637976
309,nichinan,31.6,131.3667,7.82,84,100,2.89,JP,1675637977
310,beisfjord,68.3751,17.5988,3.03,92,99,2.62,NO,1675637977
311,moree,-29.4667,149.85,27.26,47,1,4.9,AU,1675637977
312,kaitangata,-46.2817,169.8464,18.86,61,68,7.75,NZ,1675637978
313,yeppoon,-23.1333,150.7333,27.88,80,79,7.42,AU,1675637803
314,suntar,62.1444,117.6319,-49.34,100,69,1.23,RU,1675637978
315,necochea,-38.5473,-58.7368,24.44,48,61,2.8,AR,1675637978
316,paamiut,61.994,-49.6678,-9.5,79,100,9.32,GL,1675637979
317,meadow lake,34.8014,-106.5436,18.25,14,1,4.28,US,1675637979
318,geraldton,-28.7667,114.6,23.23,68,100,4.63,AU,1675637980
319,centenario do sul,-22.8211,-51.5953,23.16,72,67,1.59,BR,1675637980
320,minot,48.2325,-101.2963,3.12,65,0,2.06,US,1675637771
321,san patricio,28.017,-97.5169,26.05,64,0,5.14,US,1675637980
322,namibe,-15.1961,12.1522,21.76,79,46,2.63,AO,1675637809
323,lebanon,36.2081,-86.2911,14.03,56,75,5.66,US,1675637981
324,erenhot,43.6475,111.9767,-9.81,54,8,1.63,CN,1675637981
325,yenagoa,4.9247,6.2642,26.0,85,100,3.04,NG,1675637981
326,garissa,-0.4536,39.6401,24.76,68,9,4.44,KE,1675637982
327,portland,45.5234,-122.6762,10.32,89,100,8.75,US,1675637750
328,waipawa,-41.4122,175.5153,21.75,58,0,7.78,NZ,1675637982
329,bertoua,4.5833,13.6833,22.95,24,14,0.8,CM,1675637982
330,port keats,-14.25,129.55,27.18,73,65,1.35,AU,1675637983
331,maldonado,-34.6667,-54.9167,23.66,78,1,2.47,UY,1675637983
332,bolivar,37.6145,-93.4105,16.42,40,38,2.39,US,1675637691
333,san pedro,14.35,121.0167,25.57,84,75,1.54,PH,1675637868
334,ugoofaaru,5.6667,73.0,26.63,77,93,1.33,MV,1675637983
335,shache,38.4167,77.2406,-4.33,81,100,2.12,CN,1675637984
336,mlonggo,-6.5333,110.7,26.2,83,97,2.19,ID,1675637984
337,olafsvik,64.8945,-23.7142,3.58,80,100,19.4,IS,1675637984
338,okhotsk,59.3833,143.3,-26.01,82,97,4.91,RU,1675637985
339,festus,38.2206,-90.396,10.37,56,0,2.48,US,1675637985
340,jalu,29.0331,21.5482,11.05,62,11,5.37,LY,1675637985
341,izhma,65.0083,53.9113,-22.02,100,97,1.45,RU,1675637986
342,ponta do sol,32.6667,-17.1,16.67,51,34,2.13,PT,1675637986
343,juneau,58.3019,-134.4197,2.34,94,100,8.23,US,1675637754
344,chacabuco,-34.6417,-60.4739,27.68,23,9,2.01,AR,1675637986
345,nanortalik,60.1432,-45.2371,-6.21,65,100,15.29,GL,1675637987
346,klaksvik,62.2266,-6.589,9.51,93,100,15.44,FO,1675637987
347,coquimbo,-29.9533,-71.3436,21.85,64,0,6.17,CL,1675637987
348,amapa,1.0,-52.0,22.49,97,100,2.39,BR,1675637988
349,port lincoln,-34.7333,135.8667,18.36,70,8,6.2,AU,1675637988
350,kamenka,51.3223,42.7678,-14.01,98,85,1.84,RU,1675637819
351,san carlos,9.6612,-68.5827,29.01,40,38,0.92,VE,1675637808
352,pirgos,35.1167,25.7178,6.46,81,86,14.21,GR,1675637988
353,anloga,5.7947,0.8973,27.42,86,100,5.53,GH,1675637989
354,kachug,53.9606,105.8817,-20.04,99,100,0.89,RU,1675637989
355,dhidhdhoo,6.8833,73.1,26.58,75,27,1.12,MV,1675637989
356,praia da vitoria,38.7333,-27.0667,15.98,88,75,7.41,PT,1675637990
357,uddevalla,58.3478,11.9424,0.04,94,81,0.19,SE,1675637990
358,coos bay,43.3665,-124.2179,9.62,87,75,7.72,US,1675637990
359,maceio,-9.6658,-35.7353,26.69,89,40,2.06,BR,1675637991
360,porto velho,-8.7619,-63.9039,23.03,94,20,0.0,BR,1675637991
361,norden,53.6,7.2,5.54,97,33,5.12,DE,1675637991
362,lakeside,30.13,-81.7682,20.32,78,100,1.34,US,1675637991
363,areosa,41.7178,-8.8571,10.04,67,0,2.6,PT,1675637992
364,pauini,-7.7136,-66.9764,24.4,92,71,1.37,BR,1675637992
365,izhmorskiy,56.194,86.6414,-23.45,100,100,1.66,RU,1675637992
366,russell,32.3502,-85.1999,19.6,52,40,3.6,US,1675637993
367,palembang,-2.9167,104.7458,23.05,94,20,1.54,ID,1675637993
368,the valley,18.217,-63.0578,25.92,73,40,7.2,AI,1675637993
369,bandarbeyla,9.4942,50.8122,23.66,74,78,6.4,SO,1675637994
370,rokytne,51.2796,27.214,-4.27,83,100,3.49,UA,1675637994
371,saint-francois,46.4154,3.9054,4.82,81,75,4.63,FR,1675637994
372,balaghat,21.8,80.1833,16.23,32,0,1.78,IN,1675637995
373,benguela,-12.5763,13.4055,25.33,76,99,1.22,AO,1675637995
374,tiznit,29.5833,-9.5,10.46,45,20,0.96,MA,1675637995
375,dongsheng,39.8161,109.9776,-6.15,41,74,0.98,CN,1675637996
376,goderich,43.7501,-81.7165,2.73,80,94,2.57,CA,1675637996
377,luau,-10.7073,22.2247,16.24,98,84,1.13,AO,1675637997
378,tazovskiy,67.4667,78.7,-22.54,100,92,3.42,RU,1675637997
379,gagret,31.6667,76.0667,12.19,64,37,3.22,IN,1675637997
380,magalia,39.8121,-121.5783,9.06,92,100,1.32,US,1675637998
381,chupa,66.27,33.0549,-15.92,97,100,1.02,RU,1675637998
382,ulaangom,49.9811,92.0667,-20.65,99,100,0.59,MN,1675637998
383,tamandare,-8.7597,-35.1047,26.21,82,17,3.36,BR,1675637999
384,codrington,-38.2667,141.9667,16.49,67,64,2.66,AU,1675637999
385,ruidoso,33.3317,-105.673,16.08,14,0,6.17,US,1675637812
386,naze,28.3667,129.4833,17.51,84,100,5.39,JP,1675637999
387,nemuro,43.3236,145.575,-4.38,75,75,1.89,JP,1675637845
388,ancud,-41.8697,-73.8203,16.56,73,26,3.14,CL,1675638000
389,abha,18.2164,42.5053,13.14,38,0,0.0,SA,1675638000
390,kalianget,-7.05,113.9333,25.68,86,100,4.61,ID,1675638001
391,baruun-urt,46.6806,113.2792,-18.45,90,62,2.18,MN,1675638001
392,san rafael,-34.6177,-68.3301,33.8,16,1,7.67,AR,1675638002
393,itapuranga,-15.5622,-49.9486,22.38,88,69,0.69,BR,1675638002
394,kahului,20.8947,-156.47,27.01,73,40,10.29,US,1675637996
395,kovdor,67.5662,30.4758,-9.65,96,100,1.33,RU,1675638003
396,houston,29.7633,-95.3633,24.5,58,40,1.79,US,1675638000
397,stephenville,32.2207,-98.2023,23.44,30,0,4.12,US,1675637889
398,flinders,-34.5833,150.8552,25.21,69,20,2.24,AU,1675638004
399,paranaiba,-19.6772,-51.1908,23.93,85,97,0.75,BR,1675637855
400,bilma,18.6853,12.9164,18.87,11,4,7.42,NE,1675638005
401,mayumba,-3.432,10.6554,25.64,86,80,2.26,GA,1675638007
402,kalmunai,7.4167,81.8167,24.13,88,100,3.08,LK,1675638008
403,poquoson,37.1224,-76.3458,12.02,92,100,4.12,US,1675638010
404,raub,3.7899,101.857,22.22,99,100,0.76,MY,1675638011
405,talaya,61.3833,152.75,-35.49,100,100,0.48,RU,1675638011
406,mandera,3.9366,41.867,26.38,26,63,3.28,KE,1675638012
407,negotin,44.2264,22.5308,-3.19,80,45,2.36,RS,1675638012
408,summerland,49.5998,-119.6691,6.72,87,75,3.09,CA,1675638012
409,marienburg,54.0359,19.0266,-1.17,89,100,2.22,PL,1675638013
410,altay,47.8667,88.1167,-8.93,67,86,2.66,CN,1675638013
411,marsa matruh,31.3525,27.2453,11.11,62,40,9.77,EG,1675638013
412,kidal,18.4411,1.4078,23.22,12,1,2.52,ML,1675637860
413,bonney lake,47.1771,-122.1865,8.53,93,100,0.45,US,1675638014
414,shenjiamen,29.9576,122.298,11.08,97,100,4.5,CN,1675638014
415,mendoza,-32.8908,-68.8272,35.74,19,20,3.6,AR,1675638015
416,hervey bay,-25.2986,152.8535,26.38,83,76,8.35,AU,1675637883
417,hagere hiywet,8.9833,37.85,12.91,56,61,2.29,ET,1675638016
418,lata,40.1629,-8.3327,9.49,75,0,2.13,PT,1675638017
419,waterloo,43.4668,-80.5164,2.79,83,100,5.14,CA,1675637932
420,alofi,-19.0595,-169.9187,23.94,94,90,1.54,NU,1675638017
421,winterberg,51.2,8.5333,1.72,98,100,2.11,DE,1675638018
422,la ronge,55.1001,-105.2842,3.14,60,75,4.63,CA,1675638018
423,pangnirtung,66.1451,-65.7125,-37.34,96,91,1.76,CA,1675638018
424,tabuk,17.4189,121.4443,20.25,92,71,1.34,PH,1675638019
425,sumbawanga,-7.9667,31.6167,16.89,88,20,0.0,TZ,1675638019
426,tomatlan,19.9333,-105.25,29.74,41,1,2.99,MX,1675638020
427,ixtapa,20.7,-105.2,24.57,73,0,3.6,MX,1675638020
428,lydenburg,-25.0978,30.4597,13.98,95,16,1.26,ZA,1675638021
429,villacarrillo,38.1156,-3.0848,6.65,43,0,1.49,ES,1675638021
430,irbil,36.1926,44.0106,10.9,66,75,7.72,IQ,1675637801
431,berlevag,70.8578,29.0864,-4.03,86,75,5.66,NO,1675638023
432,issia,6.4922,-6.5856,26.58,66,97,2.34,CI,1675638023
433,ulladulla,-35.35,150.4667,22.96,61,43,1.86,AU,1675637752
434,kathmandu,27.7167,85.3167,9.35,80,20,1.54,NP,1675637989
435,port blair,11.6667,92.75,26.02,89,40,0.0,IN,1675638024
436,kiknur,57.3034,47.2011,-19.0,100,100,1.86,RU,1675638025
437,wamba,8.9333,8.6,25.84,22,100,2.2,NG,1675638026
438,kindu,-2.95,25.95,22.37,83,100,1.01,CD,1675638026
439,tevriz,57.509,72.4042,-17.33,100,100,0.96,RU,1675638026
440,otjimbingwe,-22.35,16.1333,21.26,84,100,0.97,NA,1675638028
441,baneh,35.9975,45.8853,0.52,99,100,4.53,IR,1675638028
442,pittsfield,42.4501,-73.2454,5.7,52,0,4.12,US,1675638029
443,merke,42.8728,73.1786,-0.74,79,100,1.83,KZ,1675638029
444,kolambugan,8.1144,123.8971,24.77,86,100,0.39,PH,1675638030
445,burns lake,54.2331,-125.7533,2.68,79,41,4.14,CA,1675638030
446,kununurra,-15.7667,128.7333,26.99,89,29,0.0,AU,1675638031
447,zaozhuang,34.8647,117.5542,3.75,82,100,1.76,CN,1675638031
448,mountain home,43.133,-115.6912,8.41,52,0,1.79,US,1675637752
449,hailar,49.2,119.7,-26.79,100,100,1.84,CN,1675638031
450,dejen,10.1667,38.1333,12.69,29,25,1.53,ET,1675638032
451,guerrero negro,27.9769,-114.0611,17.47,67,9,8.37,MX,1675637856
452,vestmannaeyjar,63.4427,-20.2734,6.33,76,100,15.7,IS,1675638032
453,balfour,-26.6633,28.5902,12.95,91,25,1.43,ZA,1675638033
454,pierre,44.3683,-100.351,2.93,78,22,3.58,US,1675638034
455,preobrazheniye,42.9019,133.9064,-6.48,71,12,1.94,RU,1675638034
456,aanekoski,62.6946,25.818,-1.96,100,100,2.64,FI,1675638035
457,andra,62.5147,65.8878,-22.56,100,100,1.77,RU,1675638035
458,muros,42.7762,-9.0603,8.8,75,0,2.83,ES,1675638036
459,javanrud,34.7961,46.5172,0.91,88,100,1.91,IR,1675638036
460,logan,41.7355,-111.8344,2.03,89,100,0.89,US,1675638036
461,road town,18.4167,-64.6167,26.02,73,40,5.66,VG,1675638037
462,serpneve,46.3009,29.0196,-2.98,90,98,7.1,UA,1675638037
463,kedrovyy,56.1667,91.8167,-24.52,100,100,1.23,RU,1675638038
464,hovd,48.0056,91.6419,-16.32,77,2,1.37,MN,1675638038
465,mana,5.6592,-53.7767,24.19,89,100,5.7,GF,1675638039
466,praia,14.9215,-23.5087,21.3,60,40,8.75,CV,1675638039
467,buchanan,5.8808,-10.0467,26.13,88,99,3.26,LR,1675638040
468,mtwara,-10.2667,40.1833,23.63,94,75,5.66,TZ,1675638040
469,fasa,28.9383,53.6482,2.58,93,0,2.06,IR,1675638041
470,grindavik,63.8424,-22.4338,5.97,70,75,19.55,IS,1675638041
471,havre-saint-pierre,50.2334,-63.5986,-12.0,85,100,4.63,CA,1675638041
472,ketchikan,55.3422,-131.6461,3.99,93,100,3.68,US,1675638042
473,japura,-0.3167,102.35,22.65,98,97,0.98,ID,1675638042
474,pisco,-13.7,-76.2167,26.03,73,0,8.75,PE,1675638042
475,tucurui,-3.7661,-49.6725,24.38,91,98,1.39,BR,1675638043
476,bereda,43.2686,-7.5406,2.3,100,27,2.56,ES,1675638043
477,ust-tsilma,65.441,52.1498,-25.13,100,98,1.17,RU,1675638044
478,mogadishu,2.0371,45.3438,24.75,82,9,8.93,SO,1675638045
479,xicotencatl,23.0167,-98.8833,27.67,32,0,3.8,MX,1675638045
480,egvekinot,66.3167,-179.1667,-29.0,87,100,5.16,RU,1675638045
481,nouadhibou,20.931,-17.0347,17.99,45,99,8.23,MR,1675638046
482,santa cruz del norte,23.1539,-81.9236,25.28,67,6,1.61,CU,1675638046
483,umm kaddadah,13.6017,26.6876,19.0,17,54,5.26,SD,1675637786
484,kanjiza,46.0667,20.05,-2.8,60,13,5.81,RS,1675638047
485,gorontalo,0.5412,123.0595,23.67,87,99,1.55,ID,1675638047
486,kang,-23.6752,22.7876,22.92,62,79,3.12,BW,1675638047
487,padang,-0.9492,100.3543,23.03,79,99,1.95,ID,1675638048
488,marrakesh,31.6315,-8.0083,11.04,43,20,4.63,MA,1675638048
489,gunjur,13.2019,-16.7339,21.04,60,0,4.12,GM,1675638048
490,nexo,55.0607,15.1306,2.05,65,88,4.46,DK,1675638049
491,oistins,13.0667,-59.5333,25.05,78,75,10.8,BB,1675638049
492,dingle,10.9995,122.6711,23.68,93,46,3.38,PH,1675638049
493,los llanos de aridane,28.6585,-17.9182,13.86,66,40,4.12,ES,1675638050
494,vaitape,-16.5167,-151.75,27.51,74,16,6.82,PF,1675638050
495,chumikan,54.7183,135.315,-24.24,92,55,6.8,RU,1675638050
496,marabba,12.35,32.1833,24.39,17,25,4.95,SD,1675638051
497,riyadh,24.6877,46.7219,16.08,55,2,5.38,SA,1675638000
498,auki,-8.7676,160.7034,24.64,93,100,4.4,SB,1675638051
499,college,64.8569,-147.8028,-11.07,82,0,1.54,US,1675638052
500,berdigestyakh,62.0989,126.6992,-36.48,99,100,1.25,RU,1675638052
501,smithers,54.7804,-127.1743,4.18,45,40,8.75,CA,1675637838
502,ostrovnoy,68.0531,39.5131,-10.98,93,97,6.64,RU,1675637828
503,istanbul,41.0351,28.9833,1.09,93,75,15.43,TR,1675638000
504,spirit river,55.7833,-118.8361,5.24,72,87,7.68,CA,1675638038
505,peleduy,59.6289,112.7406,-33.96,100,98,1.21,RU,1675638053
506,maragogi,-9.0122,-35.2225,26.16,82,18,3.43,BR,1675638054
507,port macquarie,-31.4333,152.9167,27.16,62,83,2.64,AU,1675638054
508,foam lake,51.65,-103.5343,-1.99,84,14,4.17,CA,1675638033
509,kemi,65.8596,24.8228,-10.13,92,0,1.03,FI,1675638054
510,atar,20.5169,-13.0499,17.05,24,99,4.31,MR,1675638055
511,sokoto,13.0609,5.239,26.42,14,96,4.34,NG,1675638055
512,linqiong,30.4159,103.4609,7.9,77,98,1.12,CN,1675638055
513,takoradi,4.8845,-1.7554,26.81,86,100,4.59,GH,1675638056
514,dhanera,24.5167,72.0167,15.94,81,2,1.11,IN,1675638056
515,omsukchan,62.5333,155.8,-37.59,98,77,2.06,RU,1675638057
516,wewak,-3.5534,143.6268,24.52,91,100,2.54,PG,1675638057
517,teya,60.3778,92.6267,-14.71,97,100,1.91,RU,1675638057
518,mier,26.4333,-99.15,26.13,33,0,3.82,MX,1675638058
519,asau,46.4333,26.4,-4.29,93,100,4.11,RO,1675638058
520,johi,26.6921,67.6133,18.82,45,0,2.6,PK,1675638058
521,qasigiannguit,68.8193,-51.1922,-16.86,98,100,5.03,GL,1675638059
522,porto empedocle,37.2934,13.5264,5.23,62,2,2.75,IT,1675638059
523,neiafu,-18.65,-173.9833,27.38,78,75,3.6,TO,1675638059
524,nicoya,10.1483,-85.452,28.83,50,60,7.44,CR,1675638032
525,isfana,39.8386,69.5306,-1.69,86,100,1.24,KG,1675638060
526,svetlogorsk,52.6333,29.7333,-4.82,92,100,3.47,BY,1675638060
527,la asuncion,11.0333,-63.8628,24.46,82,100,7.23,VE,1675637956
528,najran,17.4924,44.1277,16.36,35,100,0.64,SA,1675638061
529,takab,36.4009,47.1133,-6.06,96,100,1.5,IR,1675638061
530,denizli,37.8402,29.0698,0.86,94,100,5.98,TR,1675637930
531,prado,-17.3411,-39.2208,25.82,82,0,5.91,BR,1675638062
532,zaysan,47.4667,84.8667,-6.93,88,100,0.91,KZ,1675638062
533,buraydah,26.326,43.975,14.25,40,62,3.3,SA,1675638062
534,denpasar,-8.65,115.2167,24.84,94,75,10.8,ID,1675637980
535,iqaluit,63.7506,-68.5145,-27.95,68,100,9.26,CA,1675638014
536,basco,20.4487,121.9702,24.69,75,88,6.48,PH,1675638063
537,natal,-5.795,-35.2094,27.36,78,40,4.12,BR,1675637796
538,juba,4.8517,31.5825,24.98,29,46,1.1,SS,1675638064
539,teguldet,57.3064,88.1667,-25.19,100,100,1.02,RU,1675638064
540,khasan,42.4308,130.6434,-6.06,83,27,3.62,RU,1675638064
541,fare,-16.7,-151.0167,27.49,74,71,6.16,PF,1675638065
542,morales,2.757,-76.6172,17.73,89,73,0.86,CO,1675638065
543,vila franca do campo,37.7167,-25.4333,15.23,82,67,3.47,PT,1675638066
544,tilichiki,60.4667,166.1,-28.19,95,18,3.53,RU,1675638066
545,beloha,-25.1667,45.05,21.58,93,100,4.53,MG,1675638037
546,gavle,60.6745,17.1417,-1.16,70,45,4.12,SE,1675638066
547,clifton,40.8584,-74.1638,6.87,56,100,2.41,US,1675637865
548,monrovia,6.3005,-10.7969,26.37,87,100,4.15,LR,1675638067
549,xuanzhou,30.9525,118.7553,8.74,95,100,1.28,CN,1675638067
550,beringovskiy,63.05,179.3167,-28.13,93,98,5.37,RU,1675637784
551,nishihara,26.1842,127.7558,18.03,100,100,4.12,JP,1675638068
552,conde,-7.2597,-34.9075,26.7,78,20,3.6,BR,1675638068
553,paducah,37.0834,-88.6001,13.12,58,0,2.06,US,1675637887
554,guadalupe y calvo,26.1,-106.9667,17.05,22,0,3.18,MX,1675638068
555,xingyi,24.1877,102.817,6.95,55,32,2.19,CN,1675638069
556,sioni,41.9895,45.0239,-0.8,88,100,1.31,GE,1675638070
557,kerema,-7.9631,145.7785,27.95,71,100,0.49,PG,1675638070
558,wolow,51.3366,16.6443,-2.86,80,100,1.62,PL,1675638070
559,muzhi,65.3667,64.6667,-18.29,97,70,1.22,RU,1675638071
560,ransang,8.9603,117.5828,24.69,86,66,1.6,PH,1675638071
561,rundu,-17.9333,19.7667,18.84,95,100,1.37,NA,1675638071
562,loandjili,-4.7561,11.8578,27.06,89,40,1.54,CG,1675638072
563,khewra,32.6479,73.0106,12.5,71,90,3.01,PK,1675638072
564,acarau,-2.8856,-40.12,25.94,82,57,5.15,BR,1675638073
565,merauke,-8.4667,140.3333,26.18,87,99,3.47,ID,1675638059
